anio;mes;pais;tipo;energia_MWh
2013;1/1/2013;Brasil;Exportación;4.5
2013;1/1/2013;Chile;Exportación;0.0
2013;1/1/2013;Paraguay;Exportación;0.0
2013;1/1/2013;Uruguay;Exportación;0.0
2013;1/1/2013;Brasil;Importación;0.0
2013;1/1/2013;Chile;Importación;0.0
2013;1/1/2013;Paraguay;Importación;12,476.1
2013;1/1/2013;Uruguay;Importación;1,008.0
2013;2/1/2013;Brasil;Exportación;136.2
2013;2/1/2013;Chile;Exportación;0.0
2013;2/1/2013;Paraguay;Exportación;0.0
2013;2/1/2013;Uruguay;Exportación;0.0
2013;2/1/2013;Brasil;Importación;406.9
2013;2/1/2013;Chile;Importación;0.0
2013;2/1/2013;Paraguay;Importación;11,184.8
2013;2/1/2013;Uruguay;Importación;360.5
2013;3/1/2013;Brasil;Exportación;4.2
2013;3/1/2013;Chile;Exportación;0.0
2013;3/1/2013;Paraguay;Exportación;0.0
2013;3/1/2013;Uruguay;Exportación;0.0
2013;3/1/2013;Brasil;Importación;3.5
2013;3/1/2013;Chile;Importación;0.0
2013;3/1/2013;Paraguay;Importación;11,572.6
2013;3/1/2013;Uruguay;Importación;935.0
2013;4/1/2013;Brasil;Exportación;13.9
2013;4/1/2013;Chile;Exportación;0.0
2013;4/1/2013;Paraguay;Exportación;0.0
2013;4/1/2013;Uruguay;Exportación;0.0
2013;4/1/2013;Brasil;Importación;14.4
2013;4/1/2013;Chile;Importación;0.0
2013;4/1/2013;Paraguay;Importación;8,604.9
2013;4/1/2013;Uruguay;Importación;1,952.0
2013;5/1/2013;Brasil;Exportación;53.0
2013;5/1/2013;Chile;Exportación;0.0
2013;5/1/2013;Paraguay;Exportación;0.0
2013;5/1/2013;Uruguay;Exportación;0.0
2013;5/1/2013;Brasil;Importación;68.9
2013;5/1/2013;Chile;Importación;0.0
2013;5/1/2013;Paraguay;Importación;12,211.9
2013;5/1/2013;Uruguay;Importación;0.0
2013;6/1/2013;Brasil;Exportación;3.2
2013;6/1/2013;Chile;Exportación;0.0
2013;6/1/2013;Paraguay;Exportación;0.0
2013;6/1/2013;Uruguay;Exportación;0.0
2013;6/1/2013;Brasil;Importación;2.8
2013;6/1/2013;Chile;Importación;0.0
2013;6/1/2013;Paraguay;Importación;10,565.3
2013;6/1/2013;Uruguay;Importación;0.0
2013;7/1/2013;Brasil;Exportación;0.0
2013;7/1/2013;Chile;Exportación;0.0
2013;7/1/2013;Paraguay;Exportación;0.0
2013;7/1/2013;Uruguay;Exportación;0.0
2013;7/1/2013;Brasil;Importación;0.0
2013;7/1/2013;Chile;Importación;0.0
2013;7/1/2013;Paraguay;Importación;7,200.6
2013;7/1/2013;Uruguay;Importación;5,414.3
2013;8/1/2013;Brasil;Exportación;210.0
2013;8/1/2013;Chile;Exportación;0.0
2013;8/1/2013;Paraguay;Exportación;0.0
2013;8/1/2013;Uruguay;Exportación;0.0
2013;8/1/2013;Brasil;Importación;188.5
2013;8/1/2013;Chile;Importación;0.0
2013;8/1/2013;Paraguay;Importación;11,956.0
2013;8/1/2013;Uruguay;Importación;0.0
2013;9/1/2013;Brasil;Exportación;4.1
2013;9/1/2013;Chile;Exportación;0.0
2013;9/1/2013;Paraguay;Exportación;0.0
2013;9/1/2013;Uruguay;Exportación;0.0
2013;9/1/2013;Brasil;Importación;2.6
2013;9/1/2013;Chile;Importación;0.0
2013;9/1/2013;Paraguay;Importación;10,319.6
2013;9/1/2013;Uruguay;Importación;884.0
2013;10/1/2013;Brasil;Exportación;0.0
2013;10/1/2013;Chile;Exportación;0.0
2013;10/1/2013;Paraguay;Exportación;0.0
2013;10/1/2013;Uruguay;Exportación;0.0
2013;10/1/2013;Brasil;Importación;0.0
2013;10/1/2013;Chile;Importación;0.0
2013;10/1/2013;Paraguay;Importación;12,137.4
2013;10/1/2013;Uruguay;Importación;0.0
2013;11/1/2013;Brasil;Exportación;0.0
2013;11/1/2013;Chile;Exportación;0.0
2013;11/1/2013;Paraguay;Exportación;0.0
2013;11/1/2013;Uruguay;Exportación;0.0
2013;11/1/2013;Brasil;Importación;0.0
2013;11/1/2013;Chile;Importación;0.0
2013;11/1/2013;Paraguay;Importación;12,582.3
2013;11/1/2013;Uruguay;Importación;148,650.0
2013;12/1/2013;Brasil;Exportación;9.4
2013;12/1/2013;Chile;Exportación;0.0
2013;12/1/2013;Paraguay;Exportación;0.0
2013;12/1/2013;Uruguay;Exportación;0.0
2013;12/1/2013;Brasil;Importación;8.4
2013;12/1/2013;Chile;Importación;0.0
2013;12/1/2013;Paraguay;Importación;14,392.8
2013;12/1/2013;Uruguay;Importación;47,204.8
2014;1/1/2014;Brasil;Exportación;8.4
2014;1/1/2014;Chile;Exportación;0.0
2014;1/1/2014;Paraguay;Exportación;0.0
2014;1/1/2014;Uruguay;Exportación;0.0
2014;1/1/2014;Brasil;Importación;2,321.0
2014;1/1/2014;Chile;Importación;0.0
2014;1/1/2014;Paraguay;Importación;14,100.9
2014;1/1/2014;Uruguay;Importación;86,021.6
2014;2/1/2014;Brasil;Exportación;0.0
2014;2/1/2014;Chile;Exportación;0.0
2014;2/1/2014;Paraguay;Exportación;0.0
2014;2/1/2014;Uruguay;Exportación;0.0
2014;2/1/2014;Brasil;Importación;0.0
2014;2/1/2014;Chile;Importación;0.0
2014;2/1/2014;Paraguay;Importación;13,207.4
2014;2/1/2014;Uruguay;Importación;4,329.9
2014;3/1/2014;Brasil;Exportación;0.0
2014;3/1/2014;Chile;Exportación;0.0
2014;3/1/2014;Paraguay;Exportación;0.0
2014;3/1/2014;Uruguay;Exportación;0.0
2014;3/1/2014;Brasil;Importación;0.0
2014;3/1/2014;Chile;Importación;0.0
2014;3/1/2014;Paraguay;Importación;12,485.5
2014;3/1/2014;Uruguay;Importación;0.0
2014;4/1/2014;Brasil;Exportación;132.6
2014;4/1/2014;Chile;Exportación;0.0
2014;4/1/2014;Paraguay;Exportación;0.0
2014;4/1/2014;Uruguay;Exportación;0.0
2014;4/1/2014;Brasil;Importación;121.4
2014;4/1/2014;Chile;Importación;0.0
2014;4/1/2014;Paraguay;Importación;11,506.5
2014;4/1/2014;Uruguay;Importación;78,142.0
2014;5/1/2014;Brasil;Exportación;28.6
2014;5/1/2014;Chile;Exportación;0.0
2014;5/1/2014;Paraguay;Exportación;0.0
2014;5/1/2014;Uruguay;Exportación;0.0
2014;5/1/2014;Brasil;Importación;21.5
2014;5/1/2014;Chile;Importación;0.0
2014;5/1/2014;Paraguay;Importación;12,619.9
2014;5/1/2014;Uruguay;Importación;47,790.0
2014;6/1/2014;Brasil;Exportación;0.0
2014;6/1/2014;Chile;Exportación;0.0
2014;6/1/2014;Paraguay;Exportación;0.0
2014;6/1/2014;Uruguay;Exportación;0.0
2014;6/1/2014;Brasil;Importación;0.0
2014;6/1/2014;Chile;Importación;0.0
2014;6/1/2014;Paraguay;Importación;4,903.2
2014;6/1/2014;Uruguay;Importación;11,581.0
2014;7/1/2014;Brasil;Exportación;22.7
2014;7/1/2014;Chile;Exportación;4,502.8
2014;7/1/2014;Paraguay;Exportación;0.0
2014;7/1/2014;Uruguay;Exportación;0.0
2014;7/1/2014;Brasil;Importación;21.2
2014;7/1/2014;Chile;Importación;985.9
2014;7/1/2014;Paraguay;Importación;89.3
2014;7/1/2014;Uruguay;Importación;151,742.0
2014;8/1/2014;Brasil;Exportación;222.1
2014;8/1/2014;Chile;Exportación;0.0
2014;8/1/2014;Paraguay;Exportación;0.0
2014;8/1/2014;Uruguay;Exportación;0.0
2014;8/1/2014;Brasil;Importación;253.9
2014;8/1/2014;Chile;Importación;0.0
2014;8/1/2014;Paraguay;Importación;311.3
2014;8/1/2014;Uruguay;Importación;71,961.0
2014;9/1/2014;Brasil;Exportación;196.5
2014;9/1/2014;Chile;Exportación;0.0
2014;9/1/2014;Paraguay;Exportación;0.0
2014;9/1/2014;Uruguay;Exportación;0.0
2014;9/1/2014;Brasil;Importación;203.4
2014;9/1/2014;Chile;Importación;0.0
2014;9/1/2014;Paraguay;Importación;11,594.4
2014;9/1/2014;Uruguay;Importación;207,054.0
2014;10/1/2014;Brasil;Exportación;37.0
2014;10/1/2014;Chile;Exportación;0.0
2014;10/1/2014;Paraguay;Exportación;0.0
2014;10/1/2014;Uruguay;Exportación;0.0
2014;10/1/2014;Brasil;Importación;31.2
2014;10/1/2014;Chile;Importación;0.0
2014;10/1/2014;Paraguay;Importación;9,660.5
2014;10/1/2014;Uruguay;Importación;303,964.0
2014;11/1/2014;Brasil;Exportación;0.0
2014;11/1/2014;Chile;Exportación;535.1
2014;11/1/2014;Paraguay;Exportación;0.0
2014;11/1/2014;Uruguay;Exportación;0.0
2014;11/1/2014;Brasil;Importación;0.0
2014;11/1/2014;Chile;Importación;2,902.2
2014;11/1/2014;Paraguay;Importación;13,253.1
2014;11/1/2014;Uruguay;Importación;214,524.0
2014;12/1/2014;Brasil;Exportación;0.0
2014;12/1/2014;Chile;Exportación;0.0
2014;12/1/2014;Paraguay;Exportación;0.0
2014;12/1/2014;Uruguay;Exportación;0.0
2014;12/1/2014;Brasil;Importación;0.0
2014;12/1/2014;Chile;Importación;0.0
2014;12/1/2014;Paraguay;Importación;12,205.3
2014;12/1/2014;Uruguay;Importación;89,737.3
2015;1/1/2015;Brasil;Exportación;6,370.5
2015;1/1/2015;Chile;Exportación;0.0
2015;1/1/2015;Paraguay;Exportación;0.0
2015;1/1/2015;Uruguay;Exportación;0.0
2015;1/1/2015;Brasil;Importación;750.4
2015;1/1/2015;Chile;Importación;0.0
2015;1/1/2015;Paraguay;Importación;11,842.6
2015;1/1/2015;Uruguay;Importación;151,331.7
2015;2/1/2015;Brasil;Exportación;9.2
2015;2/1/2015;Chile;Exportación;0.0
2015;2/1/2015;Paraguay;Exportación;0.0
2015;2/1/2015;Uruguay;Exportación;0.0
2015;2/1/2015;Brasil;Importación;1,616.3
2015;2/1/2015;Chile;Importación;0.0
2015;2/1/2015;Paraguay;Importación;11,161.1
2015;2/1/2015;Uruguay;Importación;2,840.0
2015;3/1/2015;Brasil;Exportación;148.1
2015;3/1/2015;Chile;Exportación;0.0
2015;3/1/2015;Paraguay;Exportación;0.0
2015;3/1/2015;Uruguay;Exportación;0.0
2015;3/1/2015;Brasil;Importación;2,883.7
2015;3/1/2015;Chile;Importación;0.0
2015;3/1/2015;Paraguay;Importación;12,936.8
2015;3/1/2015;Uruguay;Importación;0.0
2015;4/1/2015;Brasil;Exportación;0.0
2015;4/1/2015;Chile;Exportación;0.0
2015;4/1/2015;Paraguay;Exportación;0.0
2015;4/1/2015;Uruguay;Exportación;0.0
2015;4/1/2015;Brasil;Importación;0.0
2015;4/1/2015;Chile;Importación;0.0
2015;4/1/2015;Paraguay;Importación;12,370.6
2015;4/1/2015;Uruguay;Importación;0.0
2015;5/1/2015;Brasil;Exportación;24.7
2015;5/1/2015;Chile;Exportación;0.0
2015;5/1/2015;Paraguay;Exportación;0.0
2015;5/1/2015;Uruguay;Exportación;0.0
2015;5/1/2015;Brasil;Importación;20.6
2015;5/1/2015;Chile;Importación;0.0
2015;5/1/2015;Paraguay;Importación;12,858.6
2015;5/1/2015;Uruguay;Importación;0.0
2015;6/1/2015;Brasil;Exportación;0.0
2015;6/1/2015;Chile;Exportación;0.0
2015;6/1/2015;Paraguay;Exportación;0.0
2015;6/1/2015;Uruguay;Exportación;0.0
2015;6/1/2015;Brasil;Importación;294.1
2015;6/1/2015;Chile;Importación;0.0
2015;6/1/2015;Paraguay;Importación;12,661.6
2015;6/1/2015;Uruguay;Importación;0.0
2015;7/1/2015;Brasil;Exportación;41.6
2015;7/1/2015;Chile;Exportación;0.0
2015;7/1/2015;Paraguay;Exportación;0.0
2015;7/1/2015;Uruguay;Exportación;0.0
2015;7/1/2015;Brasil;Importación;138,922.7
2015;7/1/2015;Chile;Importación;0.0
2015;7/1/2015;Paraguay;Importación;5,888.8
2015;7/1/2015;Uruguay;Importación;26,751.0
2015;8/1/2015;Brasil;Exportación;0.0
2015;8/1/2015;Chile;Exportación;0.0
2015;8/1/2015;Paraguay;Exportación;0.0
2015;8/1/2015;Uruguay;Exportación;0.0
2015;8/1/2015;Brasil;Importación;0.0
2015;8/1/2015;Chile;Importación;0.0
2015;8/1/2015;Paraguay;Importación;949.8
2015;8/1/2015;Uruguay;Importación;123,352.0
2015;9/1/2015;Brasil;Exportación;40,730.4
2015;9/1/2015;Chile;Exportación;4.7
2015;9/1/2015;Paraguay;Exportación;0.0
2015;9/1/2015;Uruguay;Exportación;0.0
2015;9/1/2015;Brasil;Importación;0.0
2015;9/1/2015;Chile;Importación;5.7
2015;9/1/2015;Paraguay;Importación;5,274.7
2015;9/1/2015;Uruguay;Importación;47,945.0
2015;10/1/2015;Brasil;Exportación;0.0
2015;10/1/2015;Chile;Exportación;0.0
2015;10/1/2015;Paraguay;Exportación;0.0
2015;10/1/2015;Uruguay;Exportación;0.0
2015;10/1/2015;Brasil;Importación;18,391.1
2015;10/1/2015;Chile;Importación;0.0
2015;10/1/2015;Paraguay;Importación;11,644.8
2015;10/1/2015;Uruguay;Importación;421,753.0
2015;11/1/2015;Brasil;Exportación;8,091.4
2015;11/1/2015;Chile;Exportación;0.0
2015;11/1/2015;Paraguay;Exportación;0.0
2015;11/1/2015;Uruguay;Exportación;0.0
2015;11/1/2015;Brasil;Importación;64,601.1
2015;11/1/2015;Chile;Importación;0.0
2015;11/1/2015;Paraguay;Importación;11,823.5
2015;11/1/2015;Uruguay;Importación;417,248.0
2015;12/1/2015;Brasil;Exportación;0.0
2015;12/1/2015;Chile;Exportación;0.0
2015;12/1/2015;Paraguay;Exportación;0.0
2015;12/1/2015;Uruguay;Exportación;0.0
2015;12/1/2015;Brasil;Importación;1,041.4
2015;12/1/2015;Chile;Importación;0.0
2015;12/1/2015;Paraguay;Importación;3,750.3
2015;12/1/2015;Uruguay;Importación;121,726.0
2016;1/1/2016;Brasil;Exportación;0.0
2016;1/1/2016;Chile;Exportación;0.0
2016;1/1/2016;Paraguay;Exportación;0.0
2016;1/1/2016;Uruguay;Exportación;0.0
2016;1/1/2016;Brasil;Importación;15749.1
2016;1/1/2016;Chile;Importación;0.0
2016;1/1/2016;Paraguay;Importación;3515.0
2016;1/1/2016;Uruguay;Importación;151529.6
2016;2/1/2016;Brasil;Exportación;0.0
2016;2/1/2016;Chile;Exportación;57.7
2016;2/1/2016;Paraguay;Exportación;1.2
2016;2/1/2016;Uruguay;Exportación;0.0
2016;2/1/2016;Brasil;Importación;15465.0
2016;2/1/2016;Chile;Importación;36970.8
2016;2/1/2016;Paraguay;Importación;16455.7
2016;2/1/2016;Uruguay;Importación;51872.4
2016;3/1/2016;Brasil;Exportación;22420.2
2016;3/1/2016;Chile;Exportación;7.1
2016;3/1/2016;Paraguay;Exportación;0.0
2016;3/1/2016;Uruguay;Exportación;0.0
2016;3/1/2016;Brasil;Importación;0.0
2016;3/1/2016;Chile;Importación;6561.7
2016;3/1/2016;Paraguay;Importación;1645.7
2016;3/1/2016;Uruguay;Importación;3584.1
2016;4/1/2016;Brasil;Exportación;65781.4
2016;4/1/2016;Chile;Exportación;1788.1
2016;4/1/2016;Paraguay;Exportación;26.1
2016;4/1/2016;Uruguay;Exportación;0.0
2016;4/1/2016;Brasil;Importación;0.0
2016;4/1/2016;Chile;Importación;2786.6
2016;4/1/2016;Paraguay;Importación;4883.4
2016;4/1/2016;Uruguay;Importación;175469.0
2016;5/1/2016;Brasil;Exportación;0.0
2016;5/1/2016;Chile;Exportación;1675.2
2016;5/1/2016;Paraguay;Exportación;0.0
2016;5/1/2016;Uruguay;Exportación;0.0
2016;5/1/2016;Brasil;Importación;36212.7
2016;5/1/2016;Chile;Importación;27203.0
2016;5/1/2016;Paraguay;Importación;10698.8
2016;5/1/2016;Uruguay;Importación;119458.0
2016;6/1/2016;Brasil;Exportación;0.0
2016;6/1/2016;Chile;Exportación;2742.8
2016;6/1/2016;Paraguay;Exportación;0.0
2016;6/1/2016;Uruguay;Exportación;0.0
2016;6/1/2016;Brasil;Importación;139984.8
2016;6/1/2016;Chile;Importación;31805.9
2016;6/1/2016;Paraguay;Importación;24487.1
2016;6/1/2016;Uruguay;Importación;185109.9
2016;7/1/2016;Brasil;Exportación;67.2
2016;7/1/2016;Chile;Exportación;292.2
2016;7/1/2016;Paraguay;Exportación;0.0
2016;7/1/2016;Uruguay;Exportación;0.0
2016;7/1/2016;Brasil;Importación;254720.6
2016;7/1/2016;Chile;Importación;1649.8
2016;7/1/2016;Paraguay;Importación;9832.6
2016;7/1/2016;Uruguay;Importación;60348.0
2016;8/1/2016;Brasil;Exportación;0.0
2016;8/1/2016;Chile;Exportación;0.0
2016;8/1/2016;Paraguay;Exportación;0.0
2016;8/1/2016;Uruguay;Exportación;0.0
2016;8/1/2016;Brasil;Importación;31132.2
2016;8/1/2016;Chile;Importación;78.0
2016;8/1/2016;Paraguay;Importación;9413.1
2016;8/1/2016;Uruguay;Importación;0.0
2016;9/1/2016;Brasil;Exportación;0.0
2016;9/1/2016;Chile;Exportación;0.0
2016;9/1/2016;Paraguay;Exportación;0.0
2016;9/1/2016;Uruguay;Exportación;0.0
2016;9/1/2016;Brasil;Importación;0.0
2016;9/1/2016;Chile;Importación;0.0
2016;9/1/2016;Paraguay;Importación;9282.2
2016;9/1/2016;Uruguay;Importación;0.0
2016;10/1/2016;Brasil;Exportación;206650.3
2016;10/1/2016;Chile;Exportación;0.0
2016;10/1/2016;Paraguay;Exportación;0.0
2016;10/1/2016;Uruguay;Exportación;0.0
2016;10/1/2016;Brasil;Importación;0.0
2016;10/1/2016;Chile;Importación;0.0
2016;10/1/2016;Paraguay;Importación;7293.3
2016;10/1/2016;Uruguay;Importación;1656.0
2016;11/1/2016;Brasil;Exportación;0.0
2016;11/1/2016;Chile;Exportación;0.0
2016;11/1/2016;Paraguay;Exportación;0.0
2016;11/1/2016;Uruguay;Exportación;0.0
2016;11/1/2016;Brasil;Importación;0.0
2016;11/1/2016;Chile;Importación;0.0
2016;11/1/2016;Paraguay;Importación;10502.1
2016;11/1/2016;Uruguay;Importación;0.0
2016;12/1/2016;Brasil;Exportación;25722.3
2016;12/1/2016;Chile;Exportación;0.0
2016;12/1/2016;Paraguay;Exportación;0.0
2016;12/1/2016;Uruguay;Exportación;0.0
2016;12/1/2016;Brasil;Importación;396.1
2016;12/1/2016;Chile;Importación;0.0
2016;12/1/2016;Paraguay;Importación;12136.6
2016;12/1/2016;Uruguay;Importación;0.0
2017;1/1/2017;Brasil;Exportación;71.0
2017;1/1/2017;Chile;Exportación;0.0
2017;1/1/2017;Paraguay;Exportación;0.0
2017;1/1/2017;Uruguay;Exportación;0.0
2017;1/1/2017;Brasil;Importación;108794.1
2017;1/1/2017;Chile;Importación;30.0
2017;1/1/2017;Paraguay;Importación;12638.1
2017;1/1/2017;Uruguay;Importación;3981.0
2017;2/1/2017;Brasil;Exportación;24016.1
2017;2/1/2017;Chile;Exportación;123.0
2017;2/1/2017;Paraguay;Exportación;0.0
2017;2/1/2017;Uruguay;Exportación;0.0
2017;2/1/2017;Brasil;Importación;29534.8
2017;2/1/2017;Chile;Importación;25034.9
2017;2/1/2017;Paraguay;Importación;10984.2
2017;2/1/2017;Uruguay;Importación;12424.2
2017;3/1/2017;Brasil;Exportación;22578.9
2017;3/1/2017;Chile;Exportación;0.4
2017;3/1/2017;Paraguay;Exportación;0.0
2017;3/1/2017;Uruguay;Exportación;0.0
2017;3/1/2017;Brasil;Importación;3663.6
2017;3/1/2017;Chile;Importación;10579.4
2017;3/1/2017;Paraguay;Importación;11344.8
2017;3/1/2017;Uruguay;Importación;127066.0
2017;4/1/2017;Brasil;Exportación;0.0
2017;4/1/2017;Chile;Exportación;0.0
2017;4/1/2017;Paraguay;Exportación;0.0
2017;4/1/2017;Uruguay;Exportación;0.0
2017;4/1/2017;Brasil;Importación;0.0
2017;4/1/2017;Chile;Importación;0.0
2017;4/1/2017;Paraguay;Importación;9600.3
2017;4/1/2017;Uruguay;Importación;113143.0
2017;5/1/2017;Brasil;Exportación;16.0
2017;5/1/2017;Chile;Exportación;0.0
2017;5/1/2017;Paraguay;Exportación;3.6
2017;5/1/2017;Uruguay;Exportación;0.0
2017;5/1/2017;Brasil;Importación;0.0
2017;5/1/2017;Chile;Importación;0.0
2017;5/1/2017;Paraguay;Importación;9534.2
2017;5/1/2017;Uruguay;Importación;182351.0
2017;6/1/2017;Brasil;Exportación;0.0
2017;6/1/2017;Chile;Exportación;0.0
2017;6/1/2017;Paraguay;Exportación;0.0
2017;6/1/2017;Uruguay;Exportación;0.0
2017;6/1/2017;Brasil;Importación;6514.1
2017;6/1/2017;Chile;Importación;0.0
2017;6/1/2017;Paraguay;Importación;9699.8
2017;6/1/2017;Uruguay;Importación;0.0
2017;7/1/2017;Brasil;Exportación;141.9
2017;7/1/2017;Chile;Exportación;0.0
2017;7/1/2017;Paraguay;Exportación;0.0
2017;7/1/2017;Uruguay;Exportación;0.0
2017;7/1/2017;Brasil;Importación;127.3
2017;7/1/2017;Chile;Importación;0.0
2017;7/1/2017;Paraguay;Importación;5537.2
2017;7/1/2017;Uruguay;Importación;0.0
2017;8/1/2017;Brasil;Exportación;17056.6
2017;8/1/2017;Chile;Exportación;0.0
2017;8/1/2017;Paraguay;Exportación;0.0
2017;8/1/2017;Uruguay;Exportación;0.0
2017;8/1/2017;Brasil;Importación;0.0
2017;8/1/2017;Chile;Importación;0.0
2017;8/1/2017;Paraguay;Importación;976.9
2017;8/1/2017;Uruguay;Importación;0.0
2017;9/1/2017;Brasil;Exportación;41.7
2017;9/1/2017;Chile;Exportación;0.0
2017;9/1/2017;Paraguay;Exportación;0.0
2017;9/1/2017;Uruguay;Exportación;0.0
2017;9/1/2017;Brasil;Importación;44.5
2017;9/1/2017;Chile;Importación;0.0
2017;9/1/2017;Paraguay;Importación;0.0
2017;9/1/2017;Uruguay;Importación;0.0
2017;10/1/2017;Brasil;Exportación;5162.7
2017;10/1/2017;Chile;Exportación;0.0
2017;10/1/2017;Paraguay;Exportación;0.0
2017;10/1/2017;Uruguay;Exportación;0.0
2017;10/1/2017;Brasil;Importación;4920.9
2017;10/1/2017;Chile;Importación;1.6
2017;10/1/2017;Paraguay;Importación;0.0
2017;10/1/2017;Uruguay;Importación;8118.8
2017;11/1/2017;Brasil;Exportación;4.3
2017;11/1/2017;Chile;Exportación;0.0
2017;11/1/2017;Paraguay;Exportación;0.0
2017;11/1/2017;Uruguay;Exportación;0.0
2017;11/1/2017;Brasil;Importación;0.0
2017;11/1/2017;Chile;Importación;216.1
2017;11/1/2017;Paraguay;Importación;0.0
2017;11/1/2017;Uruguay;Importación;18226.7
2017;12/1/2017;Brasil;Exportación;10.1
2017;12/1/2017;Chile;Exportación;0.0
2017;12/1/2017;Paraguay;Exportación;0.3
2017;12/1/2017;Uruguay;Exportación;0.0
2017;12/1/2017;Brasil;Importación;9.0
2017;12/1/2017;Chile;Importación;0.0
2017;12/1/2017;Paraguay;Importación;130.1
2017;12/1/2017;Uruguay;Importación;8656.9
2018;1/1/2018;Brasil;Exportación;93.4
2018;1/1/2018;Chile;Exportación;0.0
2018;1/1/2018;Paraguay;Exportación;0.0
2018;1/1/2018;Uruguay;Exportación;0.0
2018;1/1/2018;Brasil;Importación;81.5
2018;1/1/2018;Chile;Importación;65.3
2018;1/1/2018;Paraguay;Importación;456.4
2018;1/1/2018;Uruguay;Importación;5191.6
2018;2/1/2018;Brasil;Exportación;0.0
2018;2/1/2018;Chile;Exportación;0.0
2018;2/1/2018;Paraguay;Exportación;0.0
2018;2/1/2018;Uruguay;Exportación;0.0
2018;2/1/2018;Brasil;Importación;0.0
2018;2/1/2018;Chile;Importación;0.0
2018;2/1/2018;Paraguay;Importación;0.0
2018;2/1/2018;Uruguay;Importación;5661.9
2018;3/1/2018;Brasil;Exportación;0.0
2018;3/1/2018;Chile;Exportación;0.0
2018;3/1/2018;Paraguay;Exportación;0.0
2018;3/1/2018;Uruguay;Exportación;2802.0
2018;3/1/2018;Brasil;Importación;0.0
2018;3/1/2018;Chile;Importación;0.0
2018;3/1/2018;Paraguay;Importación;0.0
2018;3/1/2018;Uruguay;Importación;6232.7
2018;4/1/2018;Brasil;Exportación;0.0
2018;4/1/2018;Chile;Exportación;0.0
2018;4/1/2018;Paraguay;Exportación;0.0
2018;4/1/2018;Uruguay;Exportación;10267.0
2018;4/1/2018;Brasil;Importación;0.0
2018;4/1/2018;Chile;Importación;0.0
2018;4/1/2018;Paraguay;Importación;0.0
2018;4/1/2018;Uruguay;Importación;5632.1
2018;5/1/2018;Brasil;Exportación;0.0
2018;5/1/2018;Chile;Exportación;0.0
2018;5/1/2018;Paraguay;Exportación;0.0
2018;5/1/2018;Uruguay;Exportación;0.0
2018;5/1/2018;Brasil;Importación;0.0
2018;5/1/2018;Chile;Importación;0.0
2018;5/1/2018;Paraguay;Importación;0.0
2018;5/1/2018;Uruguay;Importación;17736.1
2018;6/1/2018;Brasil;Exportación;0.0
2018;6/1/2018;Chile;Exportación;0.0
2018;6/1/2018;Paraguay;Exportación;0.0
2018;6/1/2018;Uruguay;Exportación;0.0
2018;6/1/2018;Brasil;Importación;0.0
2018;6/1/2018;Chile;Importación;0.0
2018;6/1/2018;Paraguay;Importación;718.1
2018;6/1/2018;Uruguay;Importación;10581.5
2018;7/1/2018;Brasil;Exportación;126.6
2018;7/1/2018;Chile;Exportación;0.0
2018;7/1/2018;Paraguay;Exportación;0.0
2018;7/1/2018;Uruguay;Exportación;0.0
2018;7/1/2018;Brasil;Importación;120.4
2018;7/1/2018;Chile;Importación;0.0
2018;7/1/2018;Paraguay;Importación;165.1
2018;7/1/2018;Uruguay;Importación;12009.7
2018;8/1/2018;Brasil;Exportación;0.0
2018;8/1/2018;Chile;Exportación;0.0
2018;8/1/2018;Paraguay;Exportación;0.0
2018;8/1/2018;Uruguay;Exportación;91.8
2018;8/1/2018;Brasil;Importación;0.0
2018;8/1/2018;Chile;Importación;0.0
2018;8/1/2018;Paraguay;Importación;0.0
2018;8/1/2018;Uruguay;Importación;11428.6
2018;9/1/2018;Brasil;Exportación;143798.8
2018;9/1/2018;Chile;Exportación;0.0
2018;9/1/2018;Paraguay;Exportación;0.0
2018;9/1/2018;Uruguay;Exportación;0.0
2018;9/1/2018;Brasil;Importación;0.0
2018;9/1/2018;Chile;Importación;0.0
2018;9/1/2018;Paraguay;Importación;0.0
2018;9/1/2018;Uruguay;Importación;21006.6
2018;10/1/2018;Brasil;Exportación;123103.3
2018;10/1/2018;Chile;Exportación;0.0
2018;10/1/2018;Paraguay;Exportación;0.0
2018;10/1/2018;Uruguay;Exportación;0.0
2018;10/1/2018;Brasil;Importación;0.0
2018;10/1/2018;Chile;Importación;0.0
2018;10/1/2018;Paraguay;Importación;6907.1
2018;10/1/2018;Uruguay;Importación;17907.9
2018;11/1/2018;Brasil;Exportación;0.0
2018;11/1/2018;Chile;Exportación;0.0
2018;11/1/2018;Paraguay;Exportación;7.9
2018;11/1/2018;Uruguay;Exportación;0.0
2018;11/1/2018;Brasil;Importación;0.0
2018;11/1/2018;Chile;Importación;0.0
2018;11/1/2018;Paraguay;Importación;6612.5
2018;11/1/2018;Uruguay;Importación;23717.6
2018;12/1/2018;Brasil;Exportación;9.1
2018;12/1/2018;Chile;Exportación;0.0
2018;12/1/2018;Paraguay;Exportación;1.9
2018;12/1/2018;Uruguay;Exportación;0.0
2018;12/1/2018;Brasil;Importación;0.0
2018;12/1/2018;Chile;Importación;0.0
2018;12/1/2018;Paraguay;Importación;11267.6
2018;12/1/2018;Uruguay;Importación;180035.9
2019;1/1/2019;Brasil;Exportación;12307.7
2019;1/1/2019;Chile;Exportación;0.0
2019;1/1/2019;Paraguay;Exportación;0.0
2019;1/1/2019;Uruguay;Exportación;0.0
2019;1/1/2019;Brasil;Importación;595.1
2019;1/1/2019;Chile;Importación;0.0
2019;1/1/2019;Paraguay;Importación;13063.4
2019;1/1/2019;Uruguay;Importación;393804.7
2019;2/1/2019;Brasil;Exportación;32928.3
2019;2/1/2019;Chile;Exportación;0.0
2019;2/1/2019;Paraguay;Exportación;0.0
2019;2/1/2019;Uruguay;Exportación;0.0
2019;2/1/2019;Brasil;Importación;313.9
2019;2/1/2019;Chile;Importación;0.0
2019;2/1/2019;Paraguay;Importación;9958.3
2019;2/1/2019;Uruguay;Importación;110320.3
2019;3/1/2019;Brasil;Exportación;3536.8
2019;3/1/2019;Chile;Exportación;0.0
2019;3/1/2019;Paraguay;Exportación;0.0
2019;3/1/2019;Uruguay;Exportación;0.0
2019;3/1/2019;Brasil;Importación;55.6
2019;3/1/2019;Chile;Importación;0.0
2019;3/1/2019;Paraguay;Importación;10349.0
2019;3/1/2019;Uruguay;Importación;236413.4
